,year,demand,production,imports,exports,hydro,wind,solar,geothermal,tide,renewable_percent,renewable_total
2942,2007,379.0,72.3,306.7,0.0,68.4,0.0,0.3,0.0,0.0,0.9502074688796681,68.7
2943,2008,386.3,71.4,314.9,0.0,67.2,0.0,0.3,0.0,0.0,0.9453781512605042,67.5
2944,2009,377.6,71.0,306.6,0.0,66.0,0.0,0.9,0.0,0.0,0.9422535211267606,66.9
2945,2010,396.6,79.0,317.6,0.0,71.9,0.0,2.8,0.0,0.0,0.9455696202531646,74.7
2946,2011,398.2,72.3,326.0,0.0,62.2,0.0,6.2,0.0,0.0,0.9460580912863071,68.4
2947,2012,404.0,85.9,318.1,0.0,73.5,0.0,8.7,0.0,0.0,0.9569266589057043,82.2
2948,2013,403.9,85.3,318.6,0.0,69.2,0.0,12.7,0.0,0.0,0.9601406799531068,81.9
2949,2014,395.3,40.4,354.9,0.0,22.3,0.0,15.6,0.0,0.0,0.9381188118811881,37.9
